{"obj7": [[[-0.7530658424233276, 0.6534395767315244, 0.07686713560534203, -0.03993277115632732], [-0.08545702042865472, -0.21298137565508368, 0.9733118879801711, -0.043878541778481585], [0.6523717763934154, 0.7263991004847091, 0.21622999833581236, 0.026704998513681175]], 0], "obj13": [[[0.07404577966570669, -0.3338661230718322, -0.9397077388096161, 0.05383007005489295], [0.9495182693640287, -0.26444447783896563, 0.1687725519283757, -0.054936346443606024], [-0.30484795990401026, -0.9047665610561991, 0.2974309858385671, 0.15703138918545437]], 0], "obj18": [[[0.269411671820577, -0.953357407307382, -0.13611394131016794, 0.09582389242336647], [-0.9579152596897824, -0.2507511268409639, -0.13972196549377347, -0.07161902923774811], [0.09907424660474595, 0.16802834975126385, -0.9807908886911465, 0.36909698862661483]], 0.048096532970768185]}